FileName_,DataCount_,bed,facies,lkoc,ohiti,pixel,Area(mm^2),phi,PSI,perim,elongation,convex hull,convex area,Cp(Glasby&Horgan),Ca(Sochan et al),"Circ.(Cox, 1927)",Circ.(Blott&Pye),FPS1,FPS2,FPS3,FPS4,FPS5,FPS6,FPS7,FPS8,FPS9,FPS10,a1,b1,c1,d1,a2,b2,c2,d2,a3,b3,c3,d3,a4,b4,c4,d4,a5,b5,c5,d5,a6,b6,c6,d6,a7,b7,c7,d7,a8,b8,c8,d8,a9,b9,c9,d9,a10,b10,c10,d10,Xam1,Yam1,Xam2,Yam2,Xam3,Yam3,Xam4,Yam4,Xam5,Yam5,Xam6,Yam6,Xam7,Yam7,Xam8,Yam8,Xam9,Yam9,Xam10,Yam10,PC1,PC2,PC3,PC4,PC5,PC6,PC7,PC8,PC9,PC10
O7E_Ta_4_03,1,O7E,Ta,Loc4,O7E_Ta_4_03,11612.5,9.860879164425823,-3.3017162784098653,3.3017162784098653,14.698371521383786,0.4402858940368062,13.734847357499644,11.639021766820461,0.9344468764799984,0.1803229278794404,0.5735708346012213,21.909012551337312,0.6230074536599791,4.492248762046025,4.674160224717471,6.615833443377095,8.564553466816422,8.042649510588292,10.349754532794652,9.44599656758427,10.767073913746053,11.09504760289288,1.0,-8.369095353797424e-17,-8.369095353797424e-17,-0.4959988985067994,0.0450385861316898,-0.012840324812434595,-0.0770282033499701,0.11943277150544075,0.05001140979334875,-0.003873992852071221,-0.03514510045720248,-0.12212859013597055,0.02682591210678626,0.009166237769384404,-0.018749436324095082,-0.039023145252892265,-0.011252869511845523,-0.006092179296383617,-0.007485861843169155,-0.012716825144211762,0.0189424445929196,0.00934867288075191,0.002447207740223894,-0.013809761813903094,-0.005189221304226274,-0.002047662377007401,0.0023950653932363467,0.005209991425358082,0.008755661922064338,0.0051596097738087895,0.007291851151107344,0.0012474647147099707,-0.0008916044582859957,-0.0006780541212346097,0.006324590943097826,0.0009537045325300084,0.002360936921535215,0.0017437043999455038,0.0046598548437327,-0.00021430821680402276,0.5,2.0955103265841375,6.815473232973178,4.595342089298523,6.678172929237869,4.818947078315123,7.819494540522522,6.972642005856491,9.410367425104406,9.12528362815535,8.40785932346687,9.226986416415414,11.070776867611118,11.015782557377236,9.871183118029144,10.506295772545565,14.281748564986163,10.797283134891805,12.355207637094882,11.428576266180608,-0.9271805860768514,-1.863778953171929,1.7975702441946182,-0.6725054079589248,-0.06378293806602302,0.607663331590387,-0.23472829906480502,-0.012202801038613114,-0.3270342731251854,-0.10594782949842482
O7E_Ta_4_03,2,O7E,Ta,Loc4,O7E_Ta_4_03,4121.5,3.499816015171672,-1.8072790817786843,1.8072790817786843,9.055435000168481,0.3202702521549861,8.722176254669089,3.638229216790738,0.9631979308014259,0.03954870799466206,0.5363353755512014,23.430061090869664,0.5740567243736538,5.62182882539623,5.208931481647933,7.640036983621797,8.37135213166118,8.63057367945919,9.762051888710785,9.61560752986378,10.22097463944966,10.213706676472482,1.0,0.0,1.544969418540835e-17,-0.3848551009760792,-0.020721245145132173,-0.020937779807533502,0.05401180586245965,-0.05874521994124855,0.07746071870896397,0.008113458774100761,-0.009294229825597026,-0.069156717288815,-0.023297063583143738,-0.011074631522238492,0.007545216042783635,-0.015469014808206269,0.013143749570635455,0.010010332607483506,-0.008047585477379222,-0.011183754617508602,-0.017651187821474512,-0.004882408098175593,-0.003913094149188617,-0.002531740602512408,0.001482070258893062,0.008523259366306013,-0.002287550404368548,-0.005925982602385927,-0.01137767167398152,-0.0012126978289915494,-0.0015533124827893962,-0.0001578001710465172,-0.0008676103362760361,0.008137502749444891,0.001982969510768079,-0.0013761327478474074,-0.006829196673355775,0.0012243915363075925,7.55633740166814e-05,0.005018551000405457,0.4999999999999999,2.6029239338340657,7.742741841122121,5.749573664189849,5.798204508208132,6.018006847201734,8.008268420701643,8.817552939508861,8.899314480215056,9.262476129766023,8.693326911383364,11.430331416329484,10.19327206720322,10.811062461379432,9.634055640179566,13.617610740179302,10.30438761594207,12.746342627596022,10.63460534173456,11.282148563260355,-1.4913623693750133,-0.8436117325653466,1.330842495842105,0.38524041198798203,0.2874108057321977,-0.07993687647225364,-0.4924066836934706,0.583264881220789,0.3575831457222084,-0.29181971137670737
O7E_Ta_4_03,3,O7E,Ta,Loc4,O7E_Ta_4_03,10008.0,8.498400747261456,-3.0871913764183074,3.0871913764183074,12.417641983816607,0.6564638925812871,11.570387162738427,9.063092643437402,0.9317700717912166,0.06644684252597917,0.6925781752619944,18.14433527248452,0.7391719463129942,4.802515996414814,6.2725056831039465,7.782084667677888,6.696511544234278,8.127954870088981,9.129594905878811,9.324121838166555,10.261956241342169,10.226435862846397,1.0,1.5619283663377308e-16,0.0,-0.6916240977771007,0.034014834221538365,0.0028897454377174304,-0.008504903759431096,0.12320893295018145,0.0396435673059602,-0.015919971131132724,0.02588266760410581,-0.03577731116950175,0.024545529134720672,-0.008720926653913478,0.011647570442034207,0.0044810570434693775,0.013106223578279374,-0.012786192256502285,-0.021678127214105645,0.04080717776542101,0.01659242385167569,0.0002343075120350026,-0.017580601726673334,0.0024293020851415678,0.01204460390990361,0.0021828975713966076,-0.007264027755760772,-0.003770326261313122,0.006179852977684205,0.004350169667012907,-0.005864571824792423,0.009326458679384376,0.007037900338015812,0.0003581521279327908,0.0008273276278760426,0.004419249403097242,0.005739613508123174,0.0040369547351619345,-0.001920948393716712,0.004412586344107169,0.5,1.4305725450838411,7.447872771379658,4.876141035550099,6.999290741746234,6.933109766190905,7.988717900123778,9.460432743800363,8.693751958314433,6.842357616064321,8.890565952318621,8.756151560025176,9.499106197117989,10.304241883500467,10.46359868137475,9.709764291360662,10.60345163316042,11.502270615486111,10.611948050609795,11.366189593781963,-1.2584646006102898,-1.901707979989868,-0.36484058839591543,1.3884326793034323,-1.1379683159779503,-0.4629833161471431,0.6738883544353755,0.3113695629909282,0.9161917586494388,0.1329694946246612
O7E_Ta_4_03,4,O7E,Ta,Loc4,O7E_Ta_4_03,4552.5,3.865804296753375,-1.9507686041166885,1.9507686041166885,9.538248291055773,0.2868348808504162,8.984751880977655,3.9498712106201697,0.941970853222898,0.021746293245469558,0.533964619527287,23.534088504747828,0.5742830025224078,7.0244320333322285,5.113284840479081,9.273797048417803,7.342519414200132,10.589934244279746,9.336330762323634,10.848478061870447,11.157580336751536,11.24634531558701,1.0,1.4840133048503415e-16,1.7808159658204098e-16,-0.38544260927512375,0.008378254656169945,-0.004668229105429311,0.027004449387859127,0.03095993842967982,0.09048233711625536,-0.0015422338360569505,-0.018974689313722246,-0.05901783728267409,0.008274568596987022,-0.003696660623367271,0.005347861030338189,0.008773229326395824,0.01960630205546291,0.0021564314217236914,-0.005772023177298504,-0.02953745377856625,0.006262597008871214,-0.003195588909888893,0.0001967267551619186,-0.0009303430404768422,0.003376593184682176,0.0032834339396039702,-0.005592420064920358,-0.011084546973791359,0.0039714703917874605,-0.002572391887480856,-0.002863546411992717,-0.0028772644691536678,-0.001335003668550417,0.003435624199568985,0.00013405150024542217,-0.003863902282401608,0.0018491048147616493,-0.0015407719080674073,-0.003213334626918242,-0.0031608793519450947,0.5,2.599873121634331,9.98700488737671,7.077501394545539,5.498057939514123,6.254611690405263,10.100308293552185,9.84929135672019,8.544931164699308,7.699864127915524,10.60806157597097,14.60931865997213,11.409362164660504,9.47078125265412,11.400053263495861,11.706598271373073,11.899636404362056,11.804099584014581,12.75197867267138,11.497215628093516,-1.2968338952028924,2.187074327238634,0.19823479202627378,0.6824331593520532,0.6173754760583584,-0.5234641275187355,0.46889641697125906,-0.5294567000559229,-0.14695148792038584,0.051524248844391995
O7E_Ta_4_03,5,O7E,Ta,Loc4,O7E_Ta_4_03,7603.0,6.456169152820627,-2.6906783779865964,2.6906783779865964,10.660936467502543,0.6433743710189166,9.972268375631204,6.981375074301566,0.9354026642996524,0.08134946731553339,0.7138287803996679,17.60418038527859,0.7592747845513806,4.604358368177496,5.216407934456832,6.305019791032323,8.268440326005058,9.74821189470289,9.0906937767469,9.590010665563986,10.366201283615073,13.675343897679177,1.0,2.4646032484111913e-16,2.7726786544625897e-16,-0.7201038599415792,-0.022414095021611558,-0.021967264522259455,0.13542514249044682,-0.026292990771129503,0.030359058456015813,-0.014652638084567716,0.012344863133449705,-0.09779983225561832,0.003137816857115791,-0.023654738102254217,-0.04603285783014315,0.031077379018547895,-0.003955043103265325,-0.01820669019738417,-0.0025080483554763425,0.012631460108786971,0.007611764286652421,-0.0030669307945684564,-0.00570267735910779,0.004114904474871483,-0.01221052029155039,-0.006283930575448543,0.002298683284301284,-0.005617041724419581,0.002778615340009267,0.0040599848620195755,0.004474797036961553,-0.00962233834190346,-0.00417144962254019,-0.003346716701343457,-0.0024805037132804696,0.005310638387325768,0.00020570931696261492,0.00031284143017894326,-0.00013929670737980948,0.001463332287409752,0.4999999999999999,1.3498668354723358,7.616064457680101,4.654817962233606,7.473061522868477,5.327004656660524,8.164087684042016,6.474406723789595,8.658970102538005,9.397609602145218,10.29882877968999,10.607635664068491,9.269111082864779,10.902206473666928,11.322132381123776,9.784698767809916,11.155198412556304,10.971887502490313,16.473442309447233,13.738204689221948,-0.18102467279694637,-0.782347476339925,-1.1137959332615393,-1.5097119964025798,0.4312549978807442,2.1253890038941172,0.4299667101116348,-0.6535425908232839,-0.23758626975093924,0.5015647043662987
O7E_Ta_4_03,6,O7E,Ta,Loc4,O7E_Ta_4_03,20356.5,17.28594072857992,-4.111527214398945,4.111527214398945,16.96717792504158,0.6273579891652344,15.93600729720608,17.944040306830082,0.9392255664205884,0.03807137769262887,0.7545424109712634,16.654293293048255,0.7681294877427021,6.288741267302121,5.453758727763475,7.211801653823519,8.190962361426259,8.091174680654207,8.969512354139786,10.331437918290929,10.854712615404452,10.63703539275195,1.0000000000000002,1.5152360459447894e-16,1.136427034458592e-16,-0.732297054128585,-0.016104222146118317,0.023606513833234796,-0.0529500155845784,-0.009688885948716138,0.02708812303290969,0.004869440741345421,-0.04066116176573093,-0.07841916083270478,0.015243920146203738,0.008897522707224463,0.0022282111139725106,0.0340462238964748,-0.005878165646622076,0.0035527623993926796,0.02069271001055029,-0.008884305311267477,0.01666110396665708,0.006703441736303688,0.011235226771054835,-0.012794561733265757,-0.0013498270174237546,-0.0006768006734536608,0.002690973975268563,0.015650527389739047,0.004661319312632268,0.00425303779516436,-0.004541281132666394,0.002178282403545299,0.00011129459724427893,0.001386589952609807,-0.003014748861966701,0.005253858036025628,-0.0010851262914037749,0.0040124434952049925,-0.004725540326833164,-0.002900395677077046,0.5000000000000002,1.3162852519380075,7.803491869093556,6.53702701567732,7.87866342588519,5.546407658566598,8.76712033037644,7.4489453669742804,10.654794664002155,8.2799117951873,8.732466182942384,8.83901432463166,13.684441889113504,8.978513238280946,10.824383165082267,11.275163345285655,13.848541014642583,10.90610621418207,11.659269917050205,11.08299455164473,-0.20661036401323876,-1.124283114557515,0.1209322833575799,0.7819541720054289,-0.7985985767552273,-0.0683413063179556,-0.8143503324419542,0.5506508523346858,-0.6010198226639463,0.2742285623779483
O7E_Ta_4_03,7,O7E,Ta,Loc4,O7E_Ta_4_03,85044.5,72.21645107418834,-6.174255618698242,6.174255618698242,36.23579474283153,0.6842317074059701,34.2448833105021,77.93597327974184,0.9450567747593476,0.07919971309138145,0.6911469952491068,18.18190732324595,0.743366841226007,4.558154743916032,5.396029769123925,6.9321587161613865,7.116718914842005,8.69396483180916,8.500211385275168,9.733843856071973,10.340752302469456,10.508798635460337,1.0000000000000002,2.6875318181677314e-16,3.89692113634321e-16,-0.6976630149664045,0.03387154728328467,-0.047591179576875225,0.012939498327499369,0.13184510298738725,0.07621381420309407,0.025392276921883228,-0.04811268509246965,0.017348003976093974,0.03156803597295864,-0.006873143151993997,-0.0238101525091484,-0.018468337337284684,0.029740362314500394,0.006260186551295057,0.024927773597512047,-0.008819098647611191,0.010258141273206659,-0.0016015657965688394,-0.014324879305059202,-0.004710817984833976,0.014262657214115172,-0.0040809895433747525,-0.01050312546534618,-0.008743981683234628,0.002860788147719457,0.004599097209495821,-0.0015504826254903485,-0.009313885305476274,0.006596458168401825,9.666578672616068e-05,-0.00431097274124661,-0.0015725624623020695,0.0005828372337466598,0.0040921698177980885,-0.006102786685420708,0.0005107831991303218,0.5000000000000002,1.4131853393195688,6.373544602803135,4.735816498819362,5.736308785788938,6.639338709502277,7.558052769887106,7.697410225002015,7.680293036456444,7.958763252772071,9.828431330139905,9.081973660677956,9.114676316336546,9.278764511199425,11.129848990061255,10.018309847140603,10.735377288461397,11.461403859650991,11.670424482468949,10.884186019320424,-1.5344241211289367,-1.8345563832238745,-0.5991012177936655,0.6010801306358754,-0.3863327995197741,-0.22295980341171012,0.07525032596778179,-0.14911037783780223,-0.24091479852228592,0.42039584051425094
O7E_Ta_4_03,8,O7E,Ta,Loc4,O7E_Ta_4_03,1026618.5,871.7641314500835,-9.76779403530692,9.76779403530692,122.58594304017993,0.6180422810679396,115.36701933103329,904.8487078603979,0.9411113254088156,0.03795129349412652,0.7289999782310427,17.23782028752887,0.7235620078565871,6.169105524383376,5.379562665690279,8.796583819907674,7.757683202347515,8.338727790985734,8.03774342931731,9.975002433100881,12.430485323029112,11.102398513050552,1.0,6.112181920986882e-17,4.074787947324588e-17,-0.6686733251096341,-0.009498943435700395,0.01169521685757281,-0.06126195601524534,0.01435895244671953,0.02550834158458065,0.02641939347750752,-0.05621959842555374,-0.06863214967792132,-0.001131342700454174,0.013621898140940716,0.009473169159120332,-0.005091246877672095,-0.0026184119889393225,0.02867257274664514,-0.0011785105134477587,-0.004952785387226433,0.0044066622522404356,-0.0025459844471403923,0.020100839654610063,-0.0069432085751478115,0.0019384256257107047,0.012528593253808284,0.021431224129207026,0.005104278407317731,0.0035489403679321717,-0.007365074468357947,3.053891436585109e-05,0.005124257030035383,0.001129211040273857,0.0014354951365396949,0.0020384648585493235,-0.0007062227626440489,0.001798251818142731,-0.0034586345386025683,-0.0013825117575705704,0.0036117916696147842,0.5,1.4980664633336787,9.083672374793975,6.224858764900884,7.301791069698638,5.53771540714223,9.278426269523898,9.757987939626105,7.788470745271128,11.253682600768155,11.254387395274437,8.394418412735584,9.428974463543584,8.323785344974347,10.306366512715524,11.240651131878296,13.30395604175329,12.970911428015587,11.787634553445885,11.803519919324081,-0.3633950667415837,-0.0749001021355903,0.31746209880178883,1.7896876989911967,-1.2017429556872032,0.2535916489625508,-0.7567269535022974,-1.2775651801971049,-0.2852965200693811,0.502994289854113
O7E_Ta_4_03,9,O7E,Ta,Loc4,O7E_Ta_4_03,39481.5,33.52613999830168,-5.067214484196353,5.067214484196353,28.392331948545042,0.3912773510011312,26.03100139963232,40.57714625378584,0.9168321026539092,0.2103136912224712,0.5226263355653415,24.04465630451961,0.6048453621610761,4.964983936581935,4.862102222000813,6.7883013658269675,7.629110239164116,7.696895921657034,8.060248592156313,9.96042927035708,10.41310287860306,9.9197034023531,1.0,0.0,1.7362115343054574e-16,-0.457919997731211,0.0054958832572605115,0.040279001048230435,-0.09802966269835804,0.05190094577659686,0.071630542738375,-0.00868727981742514,-0.032944219590230084,-0.0957950439571463,-0.02246279987137177,0.021616485018241472,-0.017010222010261245,-0.031505002166153505,0.00972358999574489,-0.0019841360168285412,-0.02939083568801645,0.003143266569035609,-0.014195288402263424,0.011188758054941269,0.01925467140561497,-0.0145269771441885,0.0003897769164932392,0.0037640507764179713,0.006049057493990854,-0.02409949077088418,-0.007659705602710683,-0.0021951506630528733,-0.00479211947695297,0.0028303227664107328,-0.005847666654754625,0.0033296408799534244,0.0038458854447693796,-1.064309250028388e-05,-0.0018566940210143934,0.004722313243370451,0.008311703918084357,0.0018866676574510488,0.5,2.255268755697154,7.098551045750148,5.091016820184968,5.951013152396235,5.272453532674832,7.629456470072622,7.352549110900908,9.918753505106634,7.735919129314528,8.71963219497235,8.142573214244816,11.847000277265249,8.083178605827289,10.35777884789179,11.075472918978145,10.695754458733571,11.81464235772323,11.260318065196905,10.223087808679265,-2.2363801762246527,-1.9031215588524852,0.5260396258084129,0.46871382135897216,-0.804997494302923,-0.4651400671803466,-1.3280343457438575,-0.14050936617041343,-0.4943729062502046,-0.3096206482620863
O7E_Ta_4_03,10,O7E,Ta,Loc4,O7E_Ta_4_03,56266.5,47.779303122081004,-5.578313906621128,5.578313906621128,29.360679232850273,0.6148256838743386,27.74522825134233,49.55150159925274,0.9449791004936804,0.037091342095207605,0.6964941585898642,18.04232018227015,0.7248914661920238,4.777880355584988,5.529368880450644,6.678019536109285,7.402733661851954,8.322908479899361,9.384863934664963,11.928800032271193,10.135708056795137,11.1621261331991,1.0000000000000002,0.0,4.331121626809401e-17,-0.6706585810858214,-0.0691112830335059,-0.06059397964443802,0.02389189768086609,-0.08836744967536929,0.04139839323724079,-0.036131382919552736,0.05209267545197768,-0.0469471527854328,-0.03277418585885917,-0.027083925028948456,-0.00042161331171900417,0.026620873543640282,0.010019193969715616,-0.021672442882204646,-0.024404697611186486,0.007314360904831739,-0.009818372140779718,-0.012289692072411151,-0.014804889771240348,0.004376651217207893,0.009877088739067891,-0.0012109798476964313,-0.0075557812375423045,-0.003443577889425589,-0.0016841499055010015,0.0019016583801809476,0.0015041798789960587,0.002116609981912232,0.005695889185553904,0.003601148362610459,0.003311362290602599,0.0047854556831362464,-0.002228252344005377,0.0018547265175757933,0.003735244032559913,0.002459040302709273,0.5000000000000002,1.4921373656366432,5.466972754868905,5.475098825632053,6.495876186419046,6.008065180221084,7.008854744884574,7.945015681868105,8.162882741191707,8.03308768003533,8.997501884998343,9.034960196693024,9.913302015695148,10.275304288558871,12.644164437406952,12.600212884147806,10.692894054032246,10.98625484929393,12.379816817859666,11.512979106752775,-0.3405753022076008,-1.0921801027956344,-0.636467348804494,-1.0054176652712772,-0.9444826715734783,-1.431160200791388,-0.26901043887303105,0.23147849782700383,-0.4830808415617291,0.01791003687612136
O7E_Ta_4_03,11,O7E,Ta,Loc4,O7E_Ta_4_03,11750.5,9.978063347391661,-3.318759828564388,3.318759828564388,13.16236325712034,0.6528333009100875,12.391636848825685,10.60262107616972,0.9414446787982604,0.06259308114548318,0.7237496656438678,17.36286897373525,0.7340461603997313,4.5628973801243955,5.595203097347196,6.510269249289993,9.679831731723048,10.725741502276755,9.66182405619502,11.648899828769427,10.811834687433072,11.218967413647123,1.0,1.9284820389275347e-16,9.642410194637674e-17,-0.6841727273134047,-0.003522541359467489,-0.039171937018755015,0.13898455186001726,0.0001609430325272574,0.036549796257567,-0.004428922991601205,0.0035166928105319784,-0.0778679597069843,-0.003240190653632754,-0.02457141989324665,-0.04855270610618058,-0.0021305465318323478,-0.0032689246254286692,-0.0007054306063047348,0.00022193715781418496,-0.010669174918537428,-0.0008211802417261449,-0.000439093987900797,-0.006510694612479853,0.0008292896385925546,-0.009149730081841057,-0.00041996863332147204,-0.0010020893587967946,0.006514479683405726,-0.0018810460935658442,0.0035479922681079775,-0.0011521204143943482,-5.775112945450728e-05,-0.0033024616915175355,-0.00205124217223094,0.0027852984338894923,0.004176993440637938,-0.0005720381396542043,0.0034010345471707703,0.003811372545015367,0.0006432169731875778,0.5,1.452236916413428,7.164682534974145,4.639930819065646,7.29672988195588,5.796591050336329,8.088250011156969,6.741434174947807,12.094218211840628,9.773507650481779,14.651211978181571,10.745671645576262,10.079104425358095,10.737216553023043,11.728188676591325,14.22294011267169,11.793046350507671,11.281608940815383,12.032601503010238,11.804596231597117,0.935747430043436,-0.34403191058414134,-0.5176949705166739,-0.9916473404143987,2.433097823906857,-0.6598603785433226,-0.7026161694221965,-0.1177384640229774,-0.39370922984226087,0.4634005894199475
O7E_Ta_4_03,12,O7E,Ta,Loc4,O7E_Ta_4_03,33394.5,28.357298536612983,-4.825648195396089,4.825648195396089,21.358941767933768,0.8486375107030647,20.373784141125874,28.60355515299046,0.9538761031556856,0.008684064741199872,0.7811155003164061,16.08772404243536,0.8457992599617463,4.413576799769421,7.530042147173981,6.343700253839458,8.575662758443304,9.97352952892773,9.265622709668504,10.88447825364673,11.22640454981262,11.013839887198927,1.0000000000000002,1.2470349550729211e-16,2.4940699101458423e-16,-0.8316240255809666,0.0935009887111761,0.036763151941321084,-0.04402291407759809,0.11041547676487587,0.022810627897179647,-0.01121024559836878,0.005506446151477364,-0.019927768807985483,0.04313303345366808,0.010590439323315631,0.015619848080376662,-0.036041312881623634,0.009088231631260008,0.0014682617319257678,-0.01629499783758486,0.005196544678721914,0.004805495179199149,-0.0009453463745977316,0.003366951459108916,-0.007610035637673473,0.007971651392209527,0.007980338164491532,0.005792244514822369,-0.005334835685408571,0.0020401205122663915,-0.0010539350554964217,-0.0053817860757889285,-0.0018048418251092905,-0.0005475244325613819,0.0008653574796983505,0.0034225945532904488,-0.003724639632798653,0.0034032275818421647,0.0043934087155731005,0.0005165398118271821,0.0013392069127721642,0.5000000000000002,1.061896845811159,5.288964815257382,4.952630962967439,8.037866978681802,8.450851019202108,6.921541889065792,7.167202474848949,10.068931382483445,8.83008698816366,11.331168080405195,10.270948968510908,9.662637505443413,10.38135291139555,12.84608277936189,11.036036985192716,14.461176457309866,11.266569659849276,11.078419549083838,13.785811701249644,1.856044098813247,-1.6317936078822934,-1.9717730980078798,0.6652860817451818,1.2078637695561263,-0.7287391561405767,0.18916021727361662,-0.043061947611646896,0.8464763913863877,-0.20153233342641677
O7E_Ta_4_03,13,O7E,Ta,Loc4,O7E_Ta_4_03,20903.0,17.75000707633955,-4.149747694659496,4.149747694659496,16.674561182526435,0.9025126850061452,15.747749119901046,17.93385037787653,0.9444176040088772,0.010357364971535223,0.802231235126596,15.664274917413481,0.9141534127132582,4.740398982186463,7.5045317766288795,6.212977489568949,9.536655934238652,9.261440208880632,9.90855491015073,12.411442507260391,13.51671590902102,11.919265576501495,1.0000000000000002,2.0703411135994967e-17,6.21102334079849e-17,-0.9101136332494508,-0.04226346513146256,-0.058527316458136976,0.09543522712743144,-0.05613190536532048,-0.0009967198762841575,0.01842794459212201,-0.010441600703062541,-0.025525625448967117,-0.033075836727685964,-0.03838434731126217,-0.03608598057550615,0.011703019620212165,-0.0073268945436307815,0.006480701432921832,0.0050689768477265905,0.004789372482772529,-0.008899388561900132,-0.004748665025842292,-0.0033944217570243238,0.008761605167409241,-0.003898248583981372,0.0020873766005909053,0.006501340379317181,0.00613788531624101,-0.0002125280685930336,-0.0010677403555090217,0.0008023264736513681,-0.0025128659406245587,-0.0009229894435822027,0.00029762666435980155,0.0008345379513678913,-0.0010293302344143221,-0.0014046413831196982,-0.001975692205061166,-2.945002408814303e-05,-0.0027284477850075942,0.5000000000000002,0.8815188116886855,5.950006481635574,5.094668742327223,8.678000080227386,7.874570416962693,6.658020783903263,7.236843778974888,9.947618403662858,10.624363340898215,9.88614936827742,10.028055531994902,11.535504304524355,10.127368089319088,14.338714438286424,12.568733612024541,14.570010784756304,13.945633865426876,12.737717305227621,12.501075500379875,4.476716290327871,-1.1974699423692765,-1.2484295081481778,0.23610991854202634,0.47520345402210007,-0.9864767844836916,-0.4381570566202222,-1.0817809355972217,-0.1638563620409209,-0.31594997729407337
O7E_Ta_4_03,14,O7E,Ta,Loc4,O7E_Ta_4_03,17814.5,15.127374111919384,-3.9190896736849714,3.9190896736849714,16.97889297821412,0.7166146440585744,15.497545519137555,16.838008434996745,0.9127535899438614,0.11308203991130825,0.6594086953890897,19.057028974942888,0.7587562046850648,4.74802285976312,6.279419962690856,5.872594868721851,6.534794591796644,8.323189558928815,7.4386282832842605,9.190477873178267,9.140738401492998,10.674808701681327,1.0,1.600241759674389e-16,2.400362639511584e-16,-0.7193833535536734,0.02438427793943606,-0.07301411175322771,0.10370292465328854,0.02564537718110185,0.03611900434133828,0.01698330693788623,0.01900520447442535,-0.04236463285652583,-0.0018365548572616664,-0.0501848064506863,-0.05575107514542695,0.001022533827864943,0.034093089756392074,-0.013568412322227759,0.027321130362283057,0.028481042194920782,-0.0004000271553052352,-0.0012672340328754212,-0.01323125137033227,0.017572943994035528,0.017610351717589148,-0.022705779076433136,-0.004776939179224938,-0.018102116988766133,0.006768245741695693,0.006936944995529103,0.0036812976718274366,-0.009824963374609088,-0.005673014059026715,-0.00831422360061306,-0.00996242577967855,-0.003722491806159536,-6.680080048156257e-05,-0.005626791570928464,0.0008754920113516457,0.0037159715146644037,0.5,1.3518689552308734,5.821611478900416,5.166238607649613,7.135273893721732,6.832666399347702,6.675894738360306,6.4665280100532385,7.303437954922872,7.157747342042343,13.939995100419418,8.326832424502102,7.792454214551966,8.649280520354255,9.966104121370746,9.807433487110494,9.890478512278843,9.780324591001401,11.05343800829487,11.82935477063947,-2.0626831835884443,-2.7674333049019184,-2.2113860180973592,0.7515775484451286,-0.8860166115619121,0.23287145553998936,-0.042486775978937144,0.5846489015913944,0.36104737561723044,-0.32079369096045696
O7E_Ta_4_03,15,O7E,Ta,Loc4,O7E_Ta_4_03,25805.5,21.913017634238162,-4.453716265941903,4.453716265941903,24.36711446455273,0.2493410812477119,23.055856361392465,24.232500212290184,0.9461873868952444,0.10584952820135242,0.4637712745496336,27.09605209283892,0.5525589475349368,7.162372905990066,4.846233882959208,7.759708339199061,7.537361959896163,10.142445793957044,8.803556739352878,10.343471485770356,10.050561893472516,11.421496706522952,1.0,0.0,9.201310605036748e-17,-0.32421889992699937,0.003895613974946296,-0.016012119787077575,-0.025549105500364173,-0.0250220931044958,0.0960443411132611,-0.009562581443656234,0.05355333055410767,-0.05942990667869263,0.0010504026798318995,-0.00566764432572512,0.0006124335165078015,0.028627981874081037,0.02584559597020523,-0.00738873028885547,0.004208287337073459,-0.01803620782784796,0.0021183955999844197,-0.006661028868162825,7.699546531775392e-05,0.005466437837968703,0.014180893041802088,-0.006244243202858408,0.0028303223007796093,-0.007231652181864334,0.0030050885651618712,-0.0024912813189499478,0.0015774810125678462,0.00683221710978447,0.005772186880860978,-0.00463127230023498,-0.0052334394412324675,-0.002041388566725632,0.002321648718973429,-0.003063865173822278,0.0024244308597495623,-0.0011223130865826727,0.5,2.9458199290752005,8.904460678983636,7.3549318902320175,5.369173570416699,5.7446243097989615,11.005338941649018,7.799430936644072,7.925818296451087,8.670885090730671,10.619762008704978,11.111204994673157,9.027650963516805,10.409200972482916,11.784928439768091,10.613422116415792,10.505573120111128,11.05688906031439,11.815563991127785,12.543301936521843,-2.059972446935159,1.224952229169768,-0.19232109050027124,-0.011353923584603073,0.6111667386474863,0.2741698655139341,-0.12812350966694333,0.21756345887648368,-0.5165329407496815,-0.4389050904189305
O7E_Ta_4_03,16,O7E,Ta,Loc4,O7E_Ta_4_03,15166.0,12.878371875796088,-3.6868783098317017,3.6868783098317017,15.07855658255066,0.4894857686281322,14.313158493168595,13.095757026805178,0.9492392998499732,0.016879862851114355,0.7117890220505902,17.65462830285969,0.6748708426258958,5.273538347084563,5.619888505865246,7.430082327175355,9.458357571943628,8.590256729242485,10.519530475174875,10.110932342201334,11.744635546886236,11.837212806617611,1.0000000000000002,7.923001411713821e-17,7.923001411713821e-17,-0.5913896222050157,0.02535113975243433,-0.008507605508025932,0.07286959591330709,0.06500652322588936,0.05544415065101169,0.0022610660196853115,0.007807508333169112,-0.0641090248569529,0.015178185558072675,-0.025887727483623054,0.008324408089331811,-0.014711554499480134,0.010074150485668456,-0.0009130243298903943,0.007326793188212125,-0.00025550809746746557,0.008662222800442303,-0.015408546288341266,-0.007610979840752697,-0.0011967832442268485,0.005165618670632343,-0.0015225978701578905,-0.002253122850205528,-0.004464218986284774,0.003880923081485799,-0.007029026806509014,-0.0027197376751679674,-0.003065951065055637,0.0013748640024880134,-0.0010870174173120027,-0.0015918752101545706,-0.0032027482488517552,0.0011896215574439036,-0.003090205549958005,-0.0015474954779327325,-0.0010495413289726893,0.5000000000000002,1.7437076196835406,7.936291789200041,5.345846588638073,6.476243593695299,6.172764804530072,7.705650106262872,8.853625808421143,9.880531848133286,10.524366485714177,8.764189590432794,10.425048860252545,11.141295685744495,11.289549391266496,10.342476634819462,11.687455715668499,13.386375183788934,11.959864105566886,12.113988592177694,13.256958405361551,1.065671466813826,-0.7121329136087189,1.3982937742828159,-0.27789113083436257,0.2430094842662218,0.6997235228529002,-0.4371178182051029,-0.2715957836425176,0.27805981323982193,-0.10484514866425332
O7E_Ta_4_03,17,O7E,Ta,Loc4,O7E_Ta_4_03,4840.5,4.110362591638597,-2.039265665460586,2.039265665460586,8.084661428469335,0.8554196690546141,7.698393149540353,4.261513204449602,0.9522220834667512,0.03677306063423196,0.790253311142523,15.90169941356034,0.8768957813356266,5.644301377080223,5.642601845870475,6.797137627972777,7.27283417869165,9.312450376347247,10.139309527043384,9.543911311034492,10.636035523713518,10.982465281685835,1.0000000000000002,2.9385338919228104e-16,2.518743335933837e-16,-0.8682117038322236,0.0233257960657029,-0.06632522369795903,0.04591576567314589,-0.004883892035717243,0.03992701678043186,0.05331300541361297,-0.04778738637947725,0.0191623406430759,-0.002275943527526956,-0.03346878035082795,-0.02693221347784047,-0.01957682833052649,0.022307030416494143,0.02466448897111151,0.016227297844734125,-0.004360956855891228,0.004480753177947802,0.001590895632058723,-0.007028409301949614,0.01042014437123529,0.0011726309424873378,0.005413751889783779,0.0013427281426778338,-0.006819489499786033,0.007160335225694564,-0.0028422547524150302,0.003247792649927569,-0.008565935211787782,-0.0013380509507816287,0.0066184835132389284,-0.0008747180257378906,0.0013070693552931936,0.0007751721471655787,-0.000669373709462323,-0.005380580585671175,-0.001998670987471848,0.5000000000000002,0.9757865718318482,6.002904118070946,6.843790388541801,6.111049481785984,6.626029813477829,7.482817978558278,7.4978078117560845,7.5002062448555815,8.865534598642945,11.390349579886513,9.446202297308607,11.084923795289397,10.631053192769864,10.425225624038541,10.078753222952999,10.688866161162174,13.602998552141914,14.460865194993158,11.013808121747486,-0.08786476340298628,-1.461630281931836,-0.5587232197568663,0.7419516528202619,0.00214776754155644,0.316562110238654,1.3838967948212808,0.6977817881845929,-0.680399276448973,0.7556396304498937
O7E_Ta_4_03,18,O7E,Ta,Loc4,O7E_Ta_4_03,26516.5,22.51677092473605,-4.492928043757941,4.492928043757941,22.58869445888441,0.3843255300622389,21.195374027059575,26.29086586090747,0.9383177972343228,0.1676126185582563,0.554541064068084,22.66084773266914,0.5866576515052517,5.173759166891691,4.7383795385744145,9.276110236747796,7.221536885429261,8.322538314168089,10.740694913204466,12.241252773509862,10.46577320373339,12.344547778199896,1.0,0.0,7.710927586923265e-17,-0.4163115456127819,0.0017682378329325495,-0.003189520548836516,-0.09161518906251287,-0.05403551433365583,0.07301924179388655,-0.0020524952825440547,0.0536470258779664,-0.09639300189140501,-0.00230691987126104,-0.005590025876287852,0.0007863379101449899,0.012250741579830748,0.012330227340899957,-0.002342154625403011,0.003024271692459839,-0.03598181149718082,-0.003339772835335352,-0.002801884738756428,0.01236482665889422,0.01772182473588441,0.000641060547942707,-0.004536861785870685,-0.004718303400324694,-0.0001879402902321657,-0.001911459337683555,-0.0007870758485369716,0.0014088442291396409,-0.0018429074151299293,-0.0014162111354645867,-0.005086743977549327,-0.005248806002985939,0.001248965283117116,0.0003422515997914463,-0.0012080938987290818,0.0006928179546581659,-0.0025788030715986343,0.5,2.445789963138538,11.9209157813399,5.174934070441306,5.926421951342576,5.101960254015749,10.909422161845553,9.493373291409457,9.449104069001288,7.335591020809589,11.56397454281685,8.362431247861782,11.464417555382191,11.404173821830867,13.056302923361313,12.825755669207089,11.180725976645782,11.137580146511777,14.05336996726276,12.544315368484098,-0.6735966611680565,1.264898364442992,1.2043481411204469,-1.7673845735196638,-1.6798197962926644,-1.3036648768588044,0.4034069182403041,-0.4196718308418946,0.19318464178694272,0.48905157345733447
O7E_Ta_4_03,19,O7E,Ta,Loc4,O7E_Ta_4_03,16190.0,13.747912479832433,-3.781140667442416,3.781140667442416,14.443326121566123,0.6808368453867238,13.665037906447036,13.900336833762632,0.9461143362291752,0.01108709079678813,0.8281560670106626,15.173916022518714,0.7992787288467118,10.104622039592105,6.349640259190062,8.774329047214275,8.241762701838969,9.729485713261283,9.194436480034353,12.519817954409419,10.8284780758687,13.589447338024804,0.9999999999999998,8.737421108218917e-17,8.737421108218917e-17,-0.7736649518321378,0.00033551979529751984,0.0016451448861468676,-0.006130657199846496,-0.0064324343059252815,0.030989790556063164,-0.003622099698833991,-0.0015597736825378658,-0.05018796302086127,-0.0037099048384706852,0.009006012708863117,-0.014011525626941943,-0.004255672981013052,-0.005042137925250172,-0.0091396225350166,0.019381270625400647,-0.006499962603654521,-0.0029011355453698448,0.007763162168416662,0.005047695648190092,0.004984302338709286,-0.003226514381621501,-0.012234491875118858,-0.004352681475752672,0.00491601300469001,-0.00012068709287443555,0.0020827547175011445,0.0014959782637365196,0.0008465621846134987,-0.0014897535254968775,-0.004256654394917381,-0.004394715576956853,-3.899335932133436e-05,0.00016992804702021142,-0.00020306563459141267,0.0011102993767930544,0.001097467055678174,0.4999999999999998,1.2063799363225844,13.472248840174476,10.13970154105067,7.62777355023334,6.67614188779532,9.95613272005345,9.140657591590829,9.817714938881974,8.47345585486883,10.279152028824361,10.590205422271504,9.43290167722129,10.74483270138026,13.03792283417241,13.425288199895974,11.496143463581367,11.547773387533347,17.166330562658548,13.617808455341772,1.9064164785801776,3.3033375491888735,-1.7942999245754003,-0.0044723694866444785,-1.150914618885714,0.4212000654193449,-0.4042055067719903,1.1046859199746024,-0.46734301977310555,-0.045997556527542116
O7E_Ta_4_03,20,O7E,Ta,Loc4,O7E_Ta_4_03,6530.5,5.545444252597016,-2.4713030411526176,2.4713030411526176,10.207618794753898,0.5836996878488458,9.597637607667616,5.893175578136941,0.9402425580979008,0.06270576525534043,0.6688016286657715,18.789383990329846,0.6853275816661747,4.538586553782409,5.753725109449915,6.764505511842881,7.301826003422903,8.231837206168693,10.681904600859824,11.714049233418857,11.178929433462118,13.163271189056877,1.0,6.091682562186121e-17,1.2183365124372243e-16,-0.6088145557822591,-0.009096563401455376,-0.05932830389451231,0.1333200602173225,0.0004164707997433188,0.06415331963975954,-0.0037017849312828118,0.007840454587240472,-0.04637961760989854,0.004313202471172057,-0.0354154272098768,-0.032058133906280206,0.002730540848904144,0.021584967536316498,0.001377436101714728,-0.013223709652531952,-0.02656949526231668,0.004936925050812201,-0.005697159020130633,-0.020969435633206447,0.00596205623826717,-0.001672581869503032,0.0012934710321807054,0.005449764645294513,0.0034267608523327717,-0.00029722143719515315,-0.0035935398908571352,-0.00015606922869539354,-0.0018248279336020151,-0.0004564068228259943,-0.002224587934054673,0.002387284513781969,0.004132133349046264,0.0009599721106698693,-0.0016079378140701542,-0.00048527882980214953,0.0003117121533029636,0.5,1.685630308056551,6.3192480102450315,4.723142569954123,6.182782054607934,6.80676053344651,7.359639107843589,7.566327325322891,8.360599454517184,7.727821958455382,10.468578428936844,8.344788676827267,13.011135687536019,10.784347806956443,11.943564581409282,13.298398358767493,12.86828359153375,11.383053424939993,13.253893782716892,15.609292042575538,0.8102157306809014,-0.5441822785541238,-0.12335029847832166,-1.9503091298115118,-1.4759081657998456,-0.34409016854427427,0.8603287976792,-0.6956964171480349,-0.10668652672080833,-0.5866790093546468
O7E_Ta_4_03,21,O7E,Ta,Loc4,O7E_Ta_4_03,215077.0,182.63494579523902,-7.512819030134177,7.512819030134177,84.63030349154052,0.17621571994234214,81.78671097884809,188.0623567041241,0.9663998308480998,0.02971726404961952,0.32043647641318634,39.21641741608556,0.5202809553424419,7.048544038564115,5.161828723977162,8.944647471423746,7.227152217674079,9.843510476627761,8.559791222476846,11.193419863735018,9.810921722987416,11.835547486415592,0.9999999999999998,2.0129801181957895e-16,-3.774337721617105e-17,-0.20139987756918906,0.0013124650194675735,-0.01485245324843866,0.0264837478864329,-0.028524353598394163,0.10293792333686094,0.006301649426487529,0.0009244558903930264,-0.028733902072613195,-0.00309736917153412,-0.009577445232036028,0.0019868158560694144,-0.012473904647486907,0.035241953868806644,0.0031097892999816124,0.0013611854568530185,-0.014129941091011513,-0.003700424887862462,-0.0059258350165848845,-0.004644116179547789,-0.0059837062457121,0.016424273030973758,0.0020273582252916217,0.00234364102316796,-0.010196030012790841,-0.0024566115693993853,-0.0036859444947415047,-0.002659099455880528,-0.0009148795054435467,0.008210704124486634,0.000964014613055707,0.000684223674259625,-0.006394168193983892,-0.0013016988514319551,-0.002539342211740343,-0.002324665751955947,0.0009686079842603592,0.4999999999999998,3.898072993753192,9.10454925538053,7.1854687697120765,5.236664864109011,7.791467806779654,9.890362534088933,9.436327121346801,7.376426914140899,9.202828352560982,10.62074988006466,10.459091676295383,8.89601542175651,9.813174553620724,11.532050833375665,12.440806300139558,10.284089529997145,10.786499494150407,12.411538525651244,12.661420629635298,-2.0209876523587265,2.0746301747726714,-0.43094442370023023,-0.2799414726419197,-0.23412251117329147,-0.38226796540054125,-0.31355676697099355,-0.01764122769731386,0.28505745061942633,-0.2817773078504156
O7E_Ta_4_06,1,O7E,Ta,Loc4,O7E_Ta_4_06,15724.0,10.535100250803817,-3.397132137628188,3.397132137628188,14.31304031348208,0.4154975910291133,13.685324151933555,10.68049053027624,0.9561437578739124,0.013800559654031916,0.6462264767929996,19.445768729133107,0.6150578227752861,6.284246198617868,5.417630008117887,7.860579076083722,8.411115670311581,9.273973373303276,10.864996697174881,10.293806671964896,11.200753078008546,11.229141743122234,1.0000000000000002,1.4086465922348419e-16,1.7608082402935526e-16,-0.4797037060004559,0.010538910205047929,-0.012890659983912462,0.01812116693154767,0.055904479448065834,0.07297412450000489,-0.008417482899593402,5.1330135473191826e-05,-0.05898494117596055,0.01659375681030683,-0.001436157002369808,-0.018190769309137638,0.012766423593945845,0.014506459156153654,0.00016795394630274375,-0.00979342126233123,-0.0117637817900646,0.011100554370387471,0.0029462469902407115,-0.0070485642910743185,-0.002466764001005825,0.004698747095234178,0.0012336929656982087,-0.0021930306328953888,0.0031339977900179915,0.007386985910853819,0.002393975320449185,-0.00271649814143961,7.774228005474474e-05,0.004140842910808444,0.0011832286837139864,-0.002935484408069505,0.0004051241436348428,0.004187266139460147,0.0021554070574637393,0.0010145030339596566,-0.0018315892836736668,0.5000000000000002,2.1623204702422236,8.883782321996296,6.361459954865686,5.915230276504263,6.354092627189693,8.883142033842923,8.30635370675386,9.159335681788962,9.052065371610247,9.626593370762802,10.487472156802525,11.34740159439371,11.825492925774329,10.4093475474346,12.509151845778197,11.588370708490615,12.33604531714627,11.409512866500302,13.03071085368002,-0.015309680394718334,0.25608682581381303,1.3274110106838435,0.048745405854218514,0.4160324511597741,0.007857092903471176,0.38684311896044477,0.2682629147588487,0.020667853548539394,-0.395299499861118
O7E_Ta_4_06,2,O7E,Ta,Loc4,O7E_Ta_4_06,10884.5,7.292629018053558,-2.8664390048889037,2.8664390048889037,11.003964745453253,0.5890980120468455,10.466046707706269,7.380399186767327,0.9511159795409884,0.012035463273462185,0.7568252352906406,16.604058676153098,0.7142081777410081,6.563823026584614,5.7717341583441195,8.023729946788842,7.433801677226128,10.284552463492068,9.070950520012662,12.4782994221895,10.513082563562747,12.74562017650708,0.9999999999999998,2.6940639786939293e-16,3.918638514463898e-16,-0.654535220963713,-0.009545388642498804,0.0013255274868950136,0.0033898245953129773,-0.05212104922779499,0.07835345514965013,-0.005250920488250567,0.007545006481313942,-0.0022228079667429164,-0.010468673865380545,-0.0036613144392648673,0.01313442239261366,0.01896523779888549,0.032678972160476175,-0.002308267060346788,-0.006315260575302565,-0.008291413439267311,0.0019649443738721088,-0.0038571393977604187,-0.006459675853274456,0.002801323201163961,0.01341663938409633,0.0003869265137340037,-0.0012299155572888158,-0.006945920986972793,-0.0016896131814128266,0.0009415432250408487,0.0009325441509062765,-0.0017337474321046365,0.006032322811426834,0.00043201336755693923,0.001831421160337612,-0.0037983468716653096,-0.001531341766455374,-0.0013067245976905884,0.0009690910585274928,0.000915666760378091,0.4999999999999998,1.5408069436346554,9.97744127168897,6.597299012174459,5.781716540850038,10.383654686704032,9.696486749721858,8.231650976159425,7.530217257120682,9.820709638599773,11.578075867873684,10.605174618199177,9.314835015443357,10.60147622150325,13.189225570197191,13.15397821326755,10.909277643379836,11.630496761693644,13.109314688083227,13.93340310824134,0.2687205005537879,1.8129226305741795,-1.7205777209889124,-0.9601676802120677,-0.12631266265781152,-0.7463355582833838,0.22230046111568483,-0.22905520641193822,-0.33683706104180283,0.16093986906189203
O7E_Ta_4_06,3,O7E,Ta,Loc4,O7E_Ta_4_06,80790.0,54.129404048743346,-5.758340599314284,5.758340599314284,40.59402572892677,0.20156813882570884,38.95581636478204,55.648966969680956,0.9596440773062485,0.02807278128481251,0.41278020688379546,30.443248985280967,0.5339338326830756,7.338325181636039,5.02508467014597,9.225098611899249,7.501271008346289,10.45299155412025,9.087680657997785,11.222257244225226,10.094747783773993,12.104284026322002,1.0,1.412931336570883e-16,4.1210497316650757e-16,-0.2605142325596649,-0.009800865596391959,-0.015697119776138076,-0.00042337863351337297,-0.030945777770052963,0.09694793643122172,-0.00033192834058281336,0.00535025397339933,-0.06094606164731967,-0.0024922950195877588,-0.009069115921052405,0.008924307258892225,-0.005382041222552026,0.02969226409015168,0.0010245638763194396,0.0031788700154917,-0.014559470841739587,-0.0027815157725895523,-0.004939211871527125,-0.003445917039064956,0.003703595092636743,0.012860983018482023,-0.0003784398768230104,-0.0012886388884789858,-0.0076740628954934,-0.0011967406860321484,-0.0037842342068415353,-0.0033095638169858142,0.00020146175850225116,0.0074115249226192155,-0.00014040903316807528,0.000679460600729042,-0.00521341346705059,-0.0008164111657385437,-0.0017757918183163735,-0.0020642840472009354,0.0017292373369899895,0.5,3.383342748030833,8.67251299192601,7.643997440276041,5.360297823156806,6.281002300832055,10.026102766273361,9.820897681433012,7.725694689632005,9.105604725557622,11.038785281044618,11.266418541174614,9.399395945801514,10.405158021106624,11.751651240905112,12.11132630657782,10.502226480356601,11.18934501843945,13.168416799316686,12.527445202945023,-1.6135654636862637,2.6785276386112775,-0.20403731959174828,-0.3516555000136612,0.31098741138411046,-0.1756478608041514,0.03655925144585534,-0.06339111038869329,0.13190783505325274,-0.043264369501442634
O7E_Ta_4_06,4,O7E,Ta,Loc4,O7E_Ta_4_06,54798.5,36.71506557451494,-5.19830027157111,5.19830027157111,25.417494697751827,0.6055785037681699,24.19493683666068,37.706667480594156,0.9519009298269164,0.0270080385412009,0.7141487641390676,17.596292600895826,0.7000261598131273,4.700267516749956,5.865042554828806,6.600458851462121,8.12701719608842,8.987312736520403,10.866274659892593,10.627303297723838,11.747483813844234,11.67652547112044,1.0,2.569231576799889e-16,1.7128210511999263e-16,-0.6324968929775503,0.011220058017176612,-0.057625691524725374,0.11847150901278622,0.026525084409297087,0.060742171564381636,0.006547164933914529,-0.007958263129994116,-0.043335827106144906,0.009021306080596429,-0.03768483855469515,-0.026238536298322054,-0.02301078313253386,0.009831103410176076,0.008780438700323882,-0.004123575880823385,-0.020003642851097632,0.0010997865489280453,-0.009944653871185273,-0.010924852408114772,0.005523852958299471,-0.0033159742137659274,-0.00015898649660323402,0.005128487452476131,0.0009275643232828927,0.0024837337500556852,-0.0056568023566023525,-0.003209576469339797,-0.00014184458399193247,-0.0033592880272081058,-6.278106789788666e-05,0.0013186777747747098,0.0016705487359124876,-0.00036686731804694175,-0.00024452222027670405,-0.0018137210053309608,-0.003673916846781933,0.5,1.6093071219219157,6.363511312839909,4.910400088256855,6.283830431493621,6.937530255132325,7.19441719177828,7.403727654220505,9.351059258393878,8.47521281521715,9.902431399753047,9.49892050326875,12.108858670688496,11.20684766900506,10.866651198803991,12.174428543451294,12.084850418479926,12.998014355592998,16.146583888369918,11.688038135401973,0.9051934741559015,-1.100832243238131,0.5224285408756946,-0.5077053161069244,0.1593915364254053,-0.2003617971228911,0.7809142092853164,-0.4497134977324834,-0.16509639245325639,-0.5301937546374682
O7E_Ta_4_06,5,O7E,Ta,Loc4,O7E_Ta_4_06,21344.0,14.300507488753285,-3.837994440388679,3.837994440388679,16.491007567274867,0.4567509586081296,15.653281376421507,14.83550351713454,0.9492010304745859,0.03741098200899548,0.6607952794372584,19.01704053494579,0.6333636394723945,6.933728985948734,5.305743335405747,8.047047512947856,7.654927111660977,8.785489217525443,8.794438112008685,9.632315607050216,10.308514743323693,13.251096568229807,1.0,2.977704831493677e-16,3.8396720195576364e-16,-0.5164564637457729,0.02636706922658031,-0.014379578069663591,0.0050169465923207,0.03196180624073321,0.05619860191246274,0.013027906939626502,-0.015377639166902412,-0.07975922738314603,0.017563240562379095,-0.01763280193108479,0.0033095087337165464,0.003123291038046459,0.00979801604711798,0.016689095148634144,-0.022632299488922043,-0.007788501465926903,0.00771436582984322,-0.00791223793932787,-0.002765630296144297,-0.01327060256642252,0.0013928100684211884,0.011563630296904376,0.012940441696205495,0.00018720537470191516,0.002034646248235319,-0.0050334922778456324,-0.006344369739073931,-0.007837295356640964,-0.0005430329692371825,0.004336085554800514,0.005811349973447319,-0.00371854222645266,-0.0007202220573463187,-0.0009995800991941957,-0.0009810018466389868,0.0010181302720708634,0.5,2.014675750327138,7.704049199565039,7.555234486934242,6.3985281673132075,5.714134956286922,8.079933718703982,11.478147540688331,8.582993801079928,8.157978438851964,9.703694929478807,9.295040222180475,9.598524665694589,9.387733629938024,11.12508713756618,9.886883900300086,11.559151475321718,10.645838742007678,14.091342991128746,13.816033757801346,-1.026015417786675,0.7457490179662064,-0.3234047507402429,-0.3634376276212813,-1.1246563415036277,1.8367328951393163,-0.05674349336278169,-0.09609828188375187,0.2545204795039567,-0.18780844256513268
O7E_Ta_4_06,6,O7E,Ta,Loc4,O7E_Ta_4_06,17853.5,11.961867993368475,-3.5803707966586407,3.5803707966586407,14.130641269313559,0.6569736955588443,13.302841164923828,12.397703831141811,0.9414180794337051,0.03643543282829696,0.7528095623861871,16.692628842980472,0.7625550209917189,5.113285907628931,5.986245543926582,6.566442564444298,8.384800092217457,9.71346449690067,9.131689350167385,10.665564096026163,11.24269347683505,11.662262715914395,1.0,1.6071582360792999e-16,2.0089477950991247e-16,-0.7246447695136133,0.0011397431966732462,0.042366456215908364,-0.0996577312124364,0.017455197205634862,0.04388327932531369,-0.00012574713704986806,-0.03239875314364173,-0.04528494239326443,-0.013689405894833171,0.023087108032185662,0.04067752300650203,-0.02094065243697525,0.00745985470528336,0.01240814983075412,-0.007912748620800008,-0.013579380888021962,-0.006366170522461465,-0.006153803664711482,0.005451528182601724,0.0035792683063833775,-0.0055169927143523725,0.006749764096460172,0.01133536761637827,-0.0034464853814222037,-0.0016052085333987,-0.005956879555369524,0.0011587868315907903,0.002695502754494928,-0.003404243803669241,-0.0015892762739720414,0.0021936163556509204,0.0026979140049886684,-0.0012872233523137176,-0.0027036145321948342,-0.0011786074774273393,0.0026210648398253037,0.5,1.3372946151362846,7.015220437375964,5.27495761256086,6.945582794409517,6.469369642779123,7.928831148959834,6.862221935151347,9.163401375177516,8.999224155802661,10.14686663485867,10.758440478504646,10.177970136545975,9.564384347928485,10.869464752727316,12.355905093291364,11.861442705788793,12.01622178074201,12.315165060800265,12.397342541911822,0.6023387701737081,-0.8144222057207599,-0.9500511716725965,-0.0525014333562559,0.7208425188769848,0.09361628679548974,-0.06991200222777891,-0.4062539753171349,-0.27027506097663023,-0.004985238633349431
O7E_Ta_4_06,7,O7E,Ta,Loc4,O7E_Ta_4_06,100579.5,67.3883945354695,-6.074428250274104,6.074428250274104,31.23462312379925,0.7633344024467551,29.836403825758246,67.67750009119462,0.9552349553731088,0.00429013864654315,0.8680054132093178,14.47729521397445,0.8322034887182387,8.192921160953423,6.975376261083451,9.670308919106905,9.550542763074484,8.9209301599306,10.453367584522377,10.266041532924117,14.861160705944854,11.748101948570968,1.0,2.1558127040708927e-16,2.87441693876119e-16,-0.8151116349534445,0.007797812050800166,-0.010538145213854079,0.0104199715277154,0.016515907732288043,0.03062494605390575,0.0021141138866252497,-0.0009683471905086503,-0.03042917661806816,0.0053496421417473655,-0.009518609275203515,0.002329739080892536,0.0012690242458069374,-0.004437806749024215,0.0038884034008421936,-0.0027673677105339765,-0.009992653425279273,-0.004050721380090524,-0.0007870706273763774,-0.008380190593581539,-0.013411654784564528,-0.003010777782852006,-0.0002171920154027221,0.0031852456823843584,0.006200335290861946,-0.006331699161441483,0.00423235109217101,-7.931148489636078e-05,0.0034029655359396178,-7.690667312350672e-05,-0.00012521009170142136,-0.0007177316244135098,0.00040767094060162014,-0.00203823871335404,0.0029939361247519262,0.0009566757467195947,0.001332414247492207,0.5,1.102007579997043,9.361986988509155,8.564937488688061,7.660273768856949,7.6768417380457326,9.727665458408172,12.557318536130264,10.958643598582404,9.831060417340817,11.673809034069576,8.986796586985816,12.29907042577267,10.625241064890762,10.448159384019652,12.05882015354975,18.34408072006752,14.892359964693915,11.934667025905773,13.518909796291236,3.879078328367726,1.2524616577388994,1.2494030535121041,2.991977984615304,-0.4621133793870951,0.7129073515141298,-0.08450917018540959,-0.9494491859371781,0.30467554513178713,0.024524972107720255
O7E_Ta_4_06,8,O7E,Ta,Loc4,O7E_Ta_4_06,22216.5,14.8850836124385,-3.895795420387503,3.895795420387503,18.408160698218428,0.3141207949983173,17.235443433674376,16.384546494739375,0.936293620869056,0.10073593950442247,0.5520016153518884,22.765097537528767,0.5874972864222325,6.061495870122601,4.734091352868498,9.46897790160183,8.439301915045624,8.846190197898379,11.406775575113432,9.890826180269531,11.680510606658897,10.706298888809359,1.0,1.1229014295723403e-16,-2.2458028591446806e-16,-0.4183235265251829,0.01892540999345677,-0.0027894635977625737,0.025130591469402202,0.06053366168261087,0.0751924970723144,0.0016491866725725536,0.03400314079122962,-0.10376907147321912,0.00787471217803256,-0.003414992960630341,0.005378967708860646,-0.007198194560137273,0.013637068979339232,0.0016042221436501154,-0.006245295752773562,-0.014312761806134541,-0.0013010777562572613,-0.003021783012470712,0.007146547873782831,-0.015031997405243759,0.0027543839279338,0.001015520301946072,-0.0032156931343085,-0.0018114017103363148,-0.004903536327284396,-0.002507788771625685,-0.0019239270247627808,-0.008199940149040333,-0.0007433018604219228,0.0007034727275955191,0.0014851297710523795,-0.003696093913722197,-0.004652963591087514,-0.001999972582757204,-0.004084826061897949,0.0015719376139816958,0.4999999999999999,2.4361474984168012,8.606154876520007,6.143248171617487,5.868073897742855,5.12232967824231,10.209017707862195,10.117333231611966,9.269330691377512,9.012068084018546,12.126894073980827,8.884517162280257,12.354814875046692,11.896981994083221,11.096399321746222,10.246816048657223,14.462374013634477,11.744433863276688,11.264115706410905,11.556000421639668,-0.48871189039176594,0.6558030933253867,2.9350063509024817,0.5680849854778908,0.022578423628930536,-0.16222942405202487,0.483008844163393,-0.09218521082630206,0.20418629889011453,0.44243283485855484
O7E_Ta_4_06,9,O7E,Ta,Loc4,O7E_Ta_4_06,27576.5,18.47629051553621,-4.207603230860487,4.207603230860487,20.233259891208853,0.3372945176272137,19.251380244445144,18.812296161413734,0.9514719994680478,0.01818577411926828,0.5671434574343571,22.157305086806264,0.5841869192316321,7.215824648523104,5.229146565483342,9.186401719394986,7.742338497342536,10.192024374582914,8.837470870027712,10.988254473885958,9.771794705884899,12.470483911296187,1.0,1.9749879025874576e-16,3.2093553417046184e-16,-0.4103338134534665,-0.008863510877649364,-0.01368003519187882,0.02185106870083767,-0.02695467096404752,0.09150422375859273,0.0020662110066701133,-0.0032830903520759892,-0.04825061032135855,-0.004588848115518571,-0.009785131615328927,-0.00028230891856243737,0.009378671034217977,0.02833623937082648,0.00034583178942903343,-0.004998266294010732,0.0063297687813825285,0.0007253415645863079,-0.007499437880581378,-0.003335476627020857,0.0026538326869897247,0.016301950870412668,-0.0008107593583649754,0.004748412192628186,0.0011918977868441225,0.0016869187807515694,-0.003696540257714555,-0.003955529775979827,-0.0012813019231134855,0.009547175870478087,-0.0004060798921626289,0.0019671334318265518,-0.0043465740377378785,0.0005822401640329709,-0.0016207691288810282,-0.0019389567629143844,-0.0009752579799686187,0.5,2.474715723346029,8.926270360434389,7.4152336027554115,5.47537772452191,6.751221692543238,9.748140493599204,10.030875924282423,7.820225740755266,10.333522459663076,10.469690431875806,11.608983149790262,8.92361776121613,11.331936517147659,11.704685129930533,11.658647986813488,9.994359448323065,11.383551209849037,13.421478499552322,12.958825158170802,-1.3611613454971434,2.3634985132671873,-0.5541053493717512,-0.4331352891940505,0.06690091766381262,0.28439805426463416,-0.16280541005391194,0.1390683747891763,0.43177512856021494,0.25208871100287794
O7E_Ta_4_06,10,O7E,Ta,Loc4,O7E_Ta_4_06,38122.0,25.5417890969946,-4.674787678305494,4.674787678305494,20.827653935698216,0.551251097741866,19.75816834682633,26.40374575386684,0.9486506933438716,0.03374691779025238,0.7399126844427157,16.983585872465287,0.6936224375601849,5.971827447429102,5.361875719234403,7.821216325994141,8.671347260157992,10.578136157279687,10.066009945687584,10.554641658047036,10.46860443580338,11.331082070161008,0.9999999999999998,1.5375687935123515e-16,2.8188761214393113e-16,-0.6222900249243679,-0.007095763830355856,0.008897255766226205,-0.05266549639847523,-0.04686139502418516,0.05350382466243326,-0.014757366443077046,0.04544093887877308,-0.06510664743401022,-0.0021941894270320265,0.01707977867222742,0.0007122130661866178,0.022477241814195574,-0.002174406536907789,-0.012951568051502422,-0.005126377856719455,-0.012004377211470043,0.0038959752206690493,0.005669919819925302,0.0011282171591896946,-0.0015277594957910235,-0.004126450447341379,-0.0065221251524592684,-0.005023066717925253,-0.0004503293667005356,0.0021418077693071613,0.006570985306576561,0.0009340929441813852,0.001872603746352444,-0.005941197529288947,-0.0021633832638498127,-0.003989733762618211,-0.0009660958337421805,0.003119310800521813,0.0013702675359774706,0.0031196047927865987,-0.0016275318129034592,0.4999999999999998,1.6418452143665796,9.644891729688927,5.997554079831741,6.47583030199038,5.759757056621792,8.816498193397093,8.282647597105957,9.358427711507204,9.370598199897042,10.651584944082018,13.225802674432433,10.421577668971768,11.272571042403335,10.642360640082517,13.031797520664055,10.820327054248546,11.684228944924028,12.056986225411762,11.992511348510273,-0.1622818677424277,0.6018698107168372,0.04694239500918284,-0.1592480880205482,1.591791366941026,0.0220888921269393,0.26713003020118914,0.35934381745842664,-0.08050264911992411,0.5177957601579861
O7E_Ta_4_06,11,O7E,Ta,Loc4,O7E_Ta_4_06,46646.0,31.252880074980588,-4.965917240771945,4.965917240771945,21.169223146668998,0.7977004126136275,20.222432903424746,31.38587533062703,0.9552751540911772,0.004255455987651643,0.876375176781539,14.339030756791614,0.8551474841824207,9.554656322234203,7.222834112627314,8.821464835168738,9.049834980410013,9.59476243665056,10.891449804702287,12.236493992708445,12.255656487094583,11.944560374130008,1.0,3.21728006631444e-16,4.02160008289305e-16,-0.8427899906648403,-0.006870063310175588,-0.005375911940209892,0.007903566160209324,-0.001782256521083303,0.0231467473999815,-0.011388649254895066,0.011949366237979216,-0.025518661577366826,0.004319195836995431,-0.012952654205799791,0.004774009425288838,0.009265328580505229,0.009201125780158408,-0.006046464832757943,-0.00895819461715275,0.005775042621647397,0.004795813499507404,-0.0038565061553760384,-0.008471394203435446,-0.005150904257163689,0.0008763996839105068,0.0008944712247210787,-0.0010941879446281072,-0.005870950674756961,-0.0018524219285845165,0.0005276685935830724,0.0009008270951365156,-0.002275736507251603,-0.0011165246677656954,-0.0010035098736086608,0.002569757874940765,-0.0008117504261413818,-0.0009173622759998967,-0.001055298173983726,-0.00032738815666137465,0.003305531427852571,0.5,1.0352221273803286,10.17663313918349,10.324429871811969,8.008159301272334,7.831587574355999,9.280619586590634,9.820641273643883,9.711046928333127,9.77597099209604,10.874433358818886,9.920671001827653,14.058757856051137,10.934479256531512,13.197652507501182,12.718488515439269,13.696102443393364,12.5259206332758,13.838161268667372,12.107701607150828,3.643700443370018,2.2231265440844403,-0.46037391878623063,1.3580499753170114,-0.33432884986311334,-0.517940233386009,0.09396272868451494,1.295930739065649,-0.022481898706900205,-0.2355167514389957
O7E_Ta_4_06,12,O7E,Ta,Loc4,O7E_Ta_4_06,2626688.0,1759.8843428887924,-10.78126490476131,10.78126490476131,178.6801073086272,0.4928314020011922,170.06281467734792,1785.1956515427523,0.9517725125584632,0.0143823704985137,0.6926942495292685,18.141294839532517,0.6459946716243506,8.4672820591822,5.366248893974963,8.42172046402489,8.140514892587163,9.885453339850717,8.744108956895637,10.899565607923037,11.211650986158798,12.69256480139281,1.0,1.844366520164964e-16,9.22183260082482e-17,-0.5403603827527527,0.0011093267091800056,-0.0036372552846454095,0.01720764726258977,0.010483688019883208,0.059304338124427265,0.01919268913303589,-0.04472667593419839,-0.05879970317274501,0.006863628838566232,0.0036264657521543455,-0.009215542120478384,0.017172205900580308,0.015521040881279018,0.018238552609488062,0.0006739821973079066,-0.002995394261592677,0.006751233838078516,0.004339655797186105,-0.005967849436120699,-0.00133894863264275,0.007898875589926524,0.009396318394355207,0.012889360387907998,0.0014058873284886065,0.003665339104144315,0.002031677077260536,0.002242362445613941,-0.003787069561565921,0.002814926919292834,0.0022625615609930478,0.001745705606998491,-0.0033077362305613763,0.0010950671837840623,0.001947908972205721,0.0005382697749883771,-0.0009298041756679764,0.5,1.9241851536634114,11.837255494717256,8.502277882697662,6.243685828490071,5.903841907534348,10.409978340540782,8.568984314788928,8.156816960874618,12.265118143947292,10.343361346114364,10.886772877008605,9.49347921419075,9.384026538965553,11.642896204556841,11.544927862475916,11.940406271475364,11.87041452326197,12.90051636603484,14.365189494061937,-0.10044092091547756,2.254403865834441,-0.5040879938347638,0.275345771962165,-0.18337908016041787,0.9232752417745196,-0.461778177103953,-0.07626523291777851,-0.55995300461871,-0.28830504142194485
O7E_Ta_4_06,13,O7E,Ta,Loc4,O7E_Ta_4_06,29601.5,19.833043123516227,-4.309834152301384,4.309834152301384,18.698853944477285,0.5304659011388112,17.63795737051779,20.673224738532,0.9432640857504088,0.0423627181055015,0.7128025446732889,17.629525467138922,0.7088233382533257,4.793819382345993,5.70275917094966,6.857591035440817,9.633194889328532,8.543861446213414,10.065752336682607,9.808080914915527,10.173565961416479,10.668634295401427,1.0,6.272315105100923e-17,-1.844798560323801e-18,-0.6462558908873878,-0.0345242421774314,0.02998521994804108,-0.10994139330911576,-0.04881999884406881,0.0396281444573626,0.010770382697202985,-0.015120955780332762,-0.0689815765460667,-0.016915915060725255,0.03241961476480977,0.01749427749877652,0.021439640879539004,-0.005202475727877875,0.00850275915491862,0.005257510515536976,-0.0020076615145526553,-0.006886775191297192,0.017597145657400004,0.0055494071274603705,-0.001261171644227922,-0.0072783576129815545,-0.0005714286009782713,0.0003237520516292584,0.005622790190000428,-0.004547259770871094,0.009294640192237413,-0.001373004931791773,0.001028377655275863,-0.003908985327756704,-0.002894576146200184,0.0011712468725230936,0.007162500087262365,-0.0023623353555501984,0.0060179023643342966,0.0003808073110666007,0.00214144197868626,0.5,1.5662666559759202,6.863242481498246,4.928790209764737,7.078311730892507,5.994047639121128,7.310339836980974,7.867856912702952,9.909881279458219,11.053220890069076,8.63067770695913,11.030916891092453,10.532702267039115,11.051691902088391,9.835194453714882,13.429329142659714,11.344925247468653,10.544550443635483,10.775862428050294,12.954565962951207,0.1768827597074014,-1.8140080356540194,0.9106294940274018,-0.1800743941164486,0.7728755502698617,0.29370602161948756,-0.9046443587137407,0.9016271186586237,0.5598979075200866,0.2713506137284509
O7E_Ta_4_06,14,O7E,Ta,Loc4,O7E_Ta_4_06,70423.5,47.18383569781753,-5.56022079869762,5.56022079869762,44.13455921684081,0.2288355137951784,40.42951337318157,59.29913398611311,0.9160511420210248,0.2567679822786427,0.30440061103508914,41.28234359197989,0.5237043400122207,5.438477359821542,5.159464378060192,7.025539435364845,6.620638708143264,10.832228396007745,7.71465979244362,8.907703966380241,9.438006996369264,10.445293916614968,1.0000000000000002,9.250680085983256e-17,3.382279906437628e-16,-0.21773534399458666,0.01349184727516264,-0.019872132181432658,-0.07266573395675735,0.05324425864583365,0.096656276103282,0.0032404013557417763,0.035970689761774234,-0.02902973211127838,0.006665412637235131,-0.018836621859885327,-0.02463107836654009,0.02778200344037445,0.039857791128246514,0.0035088756850724127,-0.021896609181664042,-0.024181436533504262,3.759658596528167e-05,-0.005992454414416482,0.0015093362690768947,-0.0011471980782680733,0.020109155444047275,-0.0014754587534573536,-0.007575048486255745,-0.020701160185602443,-0.0005766396304537907,0.001018035286910479,0.0026227610961419754,-0.016199897245487357,0.007513797097927208,-0.0055103410996575975,0.008306224141010956,-0.001861068820247045,0.002808868727543263,-0.0006224272957623008,-0.00039029610029867566,-0.0070526707274716485,0.5000000000000002,3.742097124727498,8.150934057326724,5.507156223325425,5.365212164342358,6.841679252104508,8.519079848242194,7.279884936541408,7.130301682252098,7.538675952978091,10.927616215993178,13.229347598354833,8.500938243803269,8.32261498722942,14.194643586821698,8.912774010956737,10.044809143101421,10.225665330594513,12.395157912679656,10.598787139140017,-3.765160647877574,-0.2611695294305044,-1.1631039724695853,0.7430467864467606,1.5627195778688983,0.3174811588972705,0.46077587244988183,-0.25647559083182436,0.09755705716211793,-0.6089250207928699
O7E_Ta_4_06,15,O7E,Ta,Loc4,O7E_Ta_4_06,11189.5,7.496979410860423,-2.906309440042218,2.906309440042218,10.718474543434061,0.8824977233913177,10.207365882921259,7.626624660067402,0.9523151677562276,0.017292997899816736,0.8200309055334051,15.324264646080787,0.9160498785139316,5.075295115597496,7.033700420490847,6.548200715269361,8.19708225653761,8.77414772898599,9.76955743310271,10.727185395456576,10.946445055407859,12.83040213480733,1.0000000000000002,-1.133404120030663e-16,-2.266808240061326e-16,-0.9121950213785772,-0.017753901411752253,-0.06390978966512527,0.08835128795961325,0.017113489501275395,0.02386803921463436,-0.01655079421047751,0.03017437626937189,0.0030366685934283327,-0.01290206753847118,-0.04260124950926537,-0.02220489415098864,-0.01977359524290416,-0.0014113653423437672,-0.0062991528726713975,-0.017320774863208547,-0.014464843477196404,-0.012327867466932804,-0.007936852297510323,-0.009566493203689626,0.0016951745084986304,-0.006441040596790388,0.006232855548700027,0.0022462228529881415,0.005380546699367954,-0.0021435746276891004,-0.00175171473312682,-0.0004245349718473549,0.006003078782027002,-0.002702646770065429,0.0044367683968374975,-0.0025528862896729864,0.0013170598017052928,-0.0008963913571872563,0.0016816764846542824,-0.001264273011243101,-0.00035533781493390286,0.5000000000000002,0.8769501256344636,6.119374687387521,5.509183889060259,7.7709649645730625,7.684594617357371,6.917134220817539,7.7241414094451155,10.778845598988008,8.27573647703315,9.138159530986092,9.961207677665705,10.122446219451222,10.982420754204565,12.472199811043684,10.91912401395042,11.213220457123887,12.398217299844482,13.218997285273412,13.963632905772656,2.1755182591224758,-1.3921757260568455,-1.776923824472734,-0.3312248612890279,-0.6991503459138826,0.5511732236769327,0.5787007365038215,0.21382270280465143,0.5036037772053887,0.2644573508514928
O7E_Ta_4_06,16,O7E,Ta,Loc4,O7E_Ta_4_06,6288.0,4.2129680982609,-2.0748369914627003,2.0748369914627003,10.380769216160617,0.30717276268050564,9.923733704248516,4.312463289512768,0.955972866519314,0.023616412213740497,0.4912911745332462,25.57825433419992,0.5611945285381963,5.326779374444218,5.26117003842508,8.181594328365462,7.699669776844099,9.482915712948413,9.345777080567025,10.460130479836623,10.611925776707698,11.322904088391727,1.0,1.4297896407947143e-16,4.289368922384142e-16,-0.34984147420852274,0.004540308526173908,-0.024255703625937756,0.06027685155500435,0.07400770095954932,0.09401866068395004,-0.007065347782628404,0.0024084950181486307,-0.03851273283356688,0.010486994513447095,-0.017162418785813153,-0.002979810582936809,0.012087438963746495,0.02683743939896716,-0.0006771710826834384,0.006520760396523675,-0.011946817688577922,0.005967720307828741,-0.009844368435255987,0.0028914633195195197,0.0033760000811468268,0.012070837783072318,-0.003287629343207334,0.002307558594173709,-0.0035816796339391468,0.0035580092234221007,-0.006115506925669628,-0.0019125794881907079,-0.0018963577628597855,0.006036658707440222,-0.002451085154813448,0.002293366355152494,-0.0012380094967480984,0.001740827039289033,-0.004581648396120438,0.0004043283336685893,-6.836903529226267e-06,0.5,2.7936974964311903,8.096915730040248,5.391481600724376,5.416039788230996,7.202776592186579,8.5059425367845,9.465326485284358,7.928425460460645,9.286968915617585,9.62188435233513,11.525102470885805,9.455514630205782,11.609807818377494,10.595458333488113,12.527086354378977,10.76035280984218,12.592883321592003,11.329688460393456,16.319427903407743,-1.3740249157559854,0.3642079588714555,0.3921954098056517,-0.16931683532333805,0.2373216304833542,-0.303922398346359,0.021148166768113555,-0.5051484844661288,0.3757064584182458,-0.19309854848113533
O7E_Ta_4_06,17,O7E,Ta,Loc4,O7E_Ta_4_06,7996.5,5.357665298623297,-2.4216044566750843,2.4216044566750843,9.5381990159967,0.7044020172718802,9.1768120896518,5.492335557489461,0.9621116181640984,0.025135996998686856,0.7400357212781152,16.980762215985738,0.7041197989923312,4.792308870963377,5.926050858296549,7.026858342053322,9.867458138209322,8.246041436599606,11.228937800714316,11.661373790331544,10.662992763649212,13.690538981908361,1.0,1.12466085796459e-16,5.623304289822951e-17,-0.6389363019774841,-0.03413995504786438,-0.04853257712104191,0.10782721783067943,-0.0379330697645924,0.03659916330471122,0.0028044115475923444,0.0071361257103454735,-0.06276715039269133,-0.0211091694565678,-0.033967486626448634,-0.012421202045156907,0.004664672276383247,0.0010086967103130568,-0.0032422258461116136,-0.007987123486598548,-0.005324001771840366,-0.002145557741137216,-0.01246743346110446,-0.016679103693419642,0.009292836809792116,-0.003046705604546005,0.0021125446066238497,-0.0012642051279626119,0.003350351699686081,-0.0010781707847326966,-0.002288131599596881,-0.002761908351515934,0.0017929737412767839,-0.004087844031424985,0.001962207607329993,0.0050795757929180405,0.0006534296336367834,-0.00030753886190992147,0.00012408214375948942,0.0014601737241686885,-0.00015539837584459742,0.4999999999999999,1.5890482075392942,6.342172309374916,5.030917594871794,7.302752755357445,6.216950976175011,7.131281914373645,9.337915664901049,12.063748987969197,9.985357951138361,9.433231985481756,8.6099958985888,11.887963718886413,11.957411759000358,12.652672537990217,12.125147935020301,11.485274913372606,11.241789762209729,16.716146038253772,13.740284372687471,2.2415048197774174,-0.32724241516237607,0.660797783309395,-2.644743549122194,-0.4167501902630546,0.6228719743047229,-0.5343255959315837,0.21556282016869438,0.7147964059140556,-0.03934652290942875
O7E_Ta_4_06,18,O7E,Ta,Loc4,O7E_Ta_4_06,40106.0,26.871071652171068,-4.747981953880525,4.747981953880525,21.067209596568087,0.5805043449034993,20.05774331668824,27.0392419754318,0.9520835317438392,0.006258415199720717,0.7608180700657976,16.51691923309918,0.7050643907130861,5.585874698075671,5.950251044988599,7.664507791943421,9.762745356428747,9.420839155579385,10.352571763898824,11.422584022315837,11.11169871729475,12.267652075529604,0.9999999999999998,0.0,-7.576913203343378e-17,-0.6404129772468486,-0.031480158968645776,-0.015127384975333944,0.031487388895784535,-0.07272992349045272,0.055059539693480784,0.007957710063030846,-0.0037291219185732827,-0.0458430847962631,-0.02790080158728097,-0.008390237802063124,-0.00635981260941271,0.00700551473906183,0.006927963101103039,-6.572474140045466e-05,-0.0006943958423730706,-0.008162696024664918,-0.009612095696433395,-0.0036741913977940297,-0.0019907859254737355,0.0072236219048722175,0.004945411443189458,0.0019380000192285784,-0.0016784505895253822,0.0057263514013248225,-0.002763420866041828,-0.0016558263343855165,-0.0003955974643346268,0.0033698970042123732,0.005252225238904925,0.001189966839034883,0.0009289285478493543,9.120842628043497e-05,-0.0009622796445921133,-0.002195837096394041,0.00024519543426428927,-0.0018960430099123507,0.4999999999999998,1.5844312481236875,7.402184244935428,5.7633577442650585,6.471153952984504,6.851613738742496,7.7647742807405775,10.014145930605237,10.637436051332639,10.302297972624656,9.846237407467346,10.480738952285524,11.16887705668884,10.936079072961634,12.168944916090028,12.065206689082231,11.141296702450171,14.646510197484584,12.75986097915631,13.212534314253693,1.6579294382719567,0.3171680694316207,0.3579960159301825,-0.95403821887284,0.7425830427014403,0.0696525660969931,-0.6879888593229928,0.08894815346010276,0.4406023489306189,0.17434702134716534
O7E_Ta_4_06,19,O7E,Ta,Loc4,O7E_Ta_4_06,53399.0,35.77739877211098,-5.160976593652338,5.160976593652338,24.9652145781118,0.4737507520354831,23.670565396984447,35.97839915847838,0.9481418764867168,0.005618082735631613,0.721353293864009,17.420549294293803,0.6651273961836587,6.897662490783297,5.476488216737339,7.828423253223798,9.14372444407275,9.093251726156511,12.680013797843719,10.145502844997827,12.366755403007737,11.322119248898561,1.0,0.0,1.252276152476289e-16,-0.5746779901538924,-0.017513060098823634,-0.013843577690016793,0.010217014102331487,-0.03765034514960637,0.06878461764250073,6.566976239251011e-05,0.009413136021979776,-0.059565588831184166,-0.010662004578387112,-0.01648285588888453,0.02018246052061304,0.0019522465230064005,0.009041771173249984,4.0481595461556466e-07,-0.004313125379815623,-0.010649896592910879,-0.006252446381111036,-0.013097750344167752,-0.003192493594773688,0.002001911921049524,0.0011598290502002828,0.0016336282451640946,-0.0013989275015724241,-0.0005044760091719175,-0.0037590039389735343,-0.007304336864428064,-0.0033083542953714173,-0.0002752479504847532,0.00012068448381774937,0.0018995235689907028,0.0009487275885326922,-0.001998194992714692,-0.0022026558309902714,-0.0030371855852224967,-0.0020988261812877173,0.002392328952351479,0.5,1.8010380049131651,8.297351249853103,7.180919338275718,6.046696548714777,6.309834993486941,8.554472303001813,8.489716703374494,10.104947573604685,9.625678952929755,9.158487522491418,11.855439246564934,13.118883272727789,13.714989343540466,10.29677539083175,12.108857955189865,13.22142308110487,12.920879253878638,11.864173092835124,12.193323348754356,1.6217975438918155,0.2736742321253635,2.6442646042958544,0.23812538937035913,0.5767531822545365,0.3201258945956387,0.9762613173451327,0.5255528553071382,-0.3381658406786784,-0.484511895307168
O7E_Ta_4_06,20,O7E,Ta,Loc4,O7E_Ta_4_06,73401.5,49.179099533157995,-5.619973414389462,5.619973414389462,39.35506939579435,0.2380628224793071,37.549447394116775,51.079558186261856,0.9541197098773117,0.03864362444909161,0.39901486152041704,31.493490158426514,0.5369722274618538,6.624373655746291,5.189254511187023,9.960501341227152,7.294403938511383,10.20893390663271,8.846530193569256,10.773280788179576,10.090202229502792,11.001921967126664,0.9999999999999998,1.847807658453031e-16,2.1557756015285358e-17,-0.2719272971286777,0.0016139428956901036,-0.010750237231475087,0.03845959118944993,-0.03252554163427174,0.10017239009766356,0.01092911953576862,-0.022535597084368284,-0.02214763953811848,-0.0026108345883466355,-0.007446665584674665,0.0035639295234176148,-0.004414433740411391,0.03344144422698011,0.00725796910922335,0.002063404438842752,-0.013542286092282838,-0.0020257773418366517,-0.003993284596802903,0.002854985975298125,-0.006743767667135492,0.01577788685785326,0.003342178138270885,0.0033326231547464963,-0.004067181953872255,-0.0015993865466707707,-0.004272402088173319,0.004484669065629613,0.000990002367776056,0.008400881022927433,0.00229291144721621,0.001713484727651257,-0.0020493335934673087,-7.386315292557443e-06,-0.004057903610513598,0.0020678624994377322,-0.003549164889118251,0.4999999999999998,3.2975882573250788,9.736513060087292,6.669900071495103,5.283039333168679,7.6025327146266495,10.377189442683267,11.037038585518523,7.443037280522409,9.274073081954933,11.510423811228815,10.52656129663737,8.947545936940879,11.189091826541683,11.473154089579461,11.459746786506923,10.180134142317645,12.543533638320618,11.707321448959291,11.682965150072098,-2.139357945193479,2.139798812837043,0.12441667143717926,0.5822551922207237,0.2654677730877297,-0.7607623071383155,0.010539513898337337,-0.16417577230640054,0.7318466343880247,0.36639464091732876
O7E_Ta_4_04,1,O7E,Ta,Loc4,O7E_Ta_4_04,6274.5,5.4921921501348,-2.4573821005755474,2.4573821005755474,9.908119595262427,0.5484857341701522,9.399660007488093,5.665067749728651,0.9486825342704328,0.031476611682205675,0.7030287845401433,17.874617498882262,0.7079371134118658,5.157252965061736,5.163782220621849,6.957723282850059,8.690791938040908,8.12029803665539,11.616913716637612,10.58301897761616,11.333961804930862,10.584297088536637,1.0,1.917574288931956e-16,0.0,-0.6448831109772776,0.06649529346370434,-0.025299228933027045,0.03847986006645932,0.07051675949835395,0.02544719130886313,0.008695557514046635,-0.03637010996852184,-0.09692312153945357,0.037280287147316814,-0.013314530071600654,-0.015177905152839762,-0.010249604658586358,-0.010807210064546805,0.012116892993086985,0.006967232194963247,0.004908813020289207,0.01223785945316058,-0.002117980829532795,-0.007993102701042316,-0.01940977230253103,-0.0025638267952091693,-9.415260222208449e-05,0.003239968511904124,0.0009722392715228165,-0.0018645890068113304,0.006582844639848843,-0.0019433346634023148,0.00031362122075398745,0.0019363127900116797,-0.004106319234408296,0.0016859104524203116,-0.0006827054291584718,-0.0035810001080857383,0.0038116637436235268,0.004815525270649724,-0.00028120715212503816,0.5,1.570519584360609,5.9792049959575335,5.7363088170563445,7.925010279199886,5.229082728068835,7.151677902140483,8.693264718939723,8.9341684686542,10.223158940956473,9.470076289443563,8.420454596769792,12.6243080658308,12.071310559088177,10.66254943878492,13.154135847849668,11.482824825295008,13.312198866238434,11.199855572790659,11.361563193657133,0.6188228212811993,-1.4268185967384777,2.0131599230811794,-0.3649288462944416,-0.11358438468445062,-0.5787893876632941,0.23475581990163016,0.5701514861932687,-0.5542362884174652,0.017841601178399724
O7E_Ta_4_04,2,O7E,Ta,Loc4,O7E_Ta_4_04,13547.0,11.857953152900805,-3.5677830970978297,3.5677830970978297,13.944615072752596,0.6447841020852729,13.206051009646535,12.294299919470609,0.9470358945547952,0.03679781501439435,0.7663136001604489,16.398470041152937,0.752665334222399,5.751815541979489,5.779936042793061,6.768214602703787,7.822184632717016,9.606872171511755,9.182523472638842,10.151179364874354,11.259461856158097,11.126529123048089,1.0,-9.162600820262597e-17,-9.162600820262597e-17,-0.7108661396105443,0.029240577048867417,0.021582545767196183,-0.03117282151298016,0.06372952772783469,0.039603903241669035,-0.0006156901940098335,0.0003651641090426122,-0.06788846992761248,0.011955612178556363,0.0033876552324836537,0.01937378267359781,-0.04206821625234019,-0.014115591886791403,0.004983983589666336,-0.009428300790415305,-0.022102208186787143,-0.004463751246632899,-0.0051798504370916395,0.006972256167255919,0.006257914627373525,-0.009091784289136396,0.0031087592980910995,0.005668230412393854,0.009010422764996005,-0.0016411296574464515,-0.0041043560459570185,-0.005717353136655447,-0.005082605214943153,-0.004668046123528304,0.000722908945369003,-0.0016118943464172315,0.0009263662597682586,-0.0042796763805613295,0.0007488036961655127,-0.001581107254209542,0.0028385066022405727,0.5,1.375689455547906,7.322651499593168,5.984846990417081,7.150560723172147,6.072896385490216,9.469027745999508,6.837726416574998,9.096609862337663,8.150121670245088,10.663716736972804,10.033894100630128,9.983343580020897,9.778472469848872,11.536242961858344,10.439272028886279,11.403476978502049,13.268442353807707,11.57074861687881,12.15186670838143,-0.05491269685997763,-0.7783609205454982,-0.6585810463388329,0.6447138830169943,0.47018698967194583,0.11801633688575122,0.2865331176341856,-0.1619296739606968,-0.5370118357946858,-0.08672895681282208
